<?xml version="1.0" ?>
<install version="1.5" type="extension" extension="window" folder="popups" core="1">
	<name>WF_POPUPS_WINDOW_TITLE</name>
	<version>2.6.12</version>
	<creationDate>27-04-2017</creationDate>
	<author>Ryan Demmer</author>
	<authorEmail>info@joomlacontenteditor.net</authorEmail>
	<authorUrl>http://www.joomlacontenteditor.net/</authorUrl>
	<copyright>Copyright (C) 2006 - 2017 Ryan Demmer. All rights reserved</copyright>
	<license>GNU/GPL Version 2 or later - http://www.gnu.org/licenses/gpl-2.0.html</license>
	<description>WF_POPUPS_WINDOW_DESC</description>
	<files>
		<filename>window.php</filename>
		<folder>window</folder>
	</files>
	<params group="window"></params>
  <plugins>link,imgmanager_ext</plugins>
	<media></media>
	<languages></languages>
</install>
